2.87027631884e-07,7.70995356447e-09,4.57071582787e-05,1.85241297856e-08,0.0224861484021,0.0208019688725,0.0951399803162,0.0153447203338,0.190210253,2.59737385022e-06
6.00163843956e-07,3.67680286217e-08,0.000117366602353,5.94588449587e-08,0.0363884456456,0.0385310202837,0.108941033483,0.019588297233,0.00256433547474,5.76905267735e-06
1.90302330338e-06,6.45706586511e-06,0.172066628933,2.54918468556e-08,0.216309204698,0.0713400319219,0.0572187453508,0.020305832848,4.51843652627e-06,0.00015067512868
3.45452644979e-05,0.000259464839473,0.000111848647066,9.34563388455e-07,0.129252061248,0.00938463862985,0.0466010794044,0.0450960174203,1.10892379723e-07,0.193975016475
4.1815737859e-06,3.30967509399e-07,0.000340575788869,1.85527903795e-06,0.0674996301532,0.0619814693928,0.229895964265,0.0389582365751,0.0963183641434,3.75794734282e-05
0.000188050093129,0.176024630666,0.0022818420548,4.65448647446e-05,0.530604183674,0.0530783422291,0.145587876439,0.093681871891,1.02741651062e-05,0.0249136667699
1.09564398372e-05,4.75956476294e-05,0.380347669125,6.57536190829e-07,0.339738488197,0.130329936743,0.119600944221,0.0383381843567,3.70151392417e-05,0.00069280655589
6.32736773696e-05,4.56924681203e-07,2.26544070756e-05,0.0570336282253,0.0377518683672,0.00869154371321,0.189919114113,0.175951972604,1.68365215814e-06,0.000120226904983
1.01775713119e-05,8.02828508313e-05,4.3456635467e-05,9.27109766735e-08,0.0852285698056,0.00516135944054,0.0252469480038,0.028787324205,1.78464159006e-08,0.0811466872692
4.36603471599e-07,1.11665008262e-06,0.298789173365,1.60416602224e-09,0.138814538717,0.04512212798,0.0308089517057,0.01182729844,8.56799942994e-07,4.00137469114e-05
0.28777807951,9.59317958404e-07,1.71173487615e-05,2.31414232985e-05,0.0404817461967,0.00389688252471,0.0586781203747,0.109590299428,1.10714424295e-07,0.000341524370015
0.000189419646631,0.000144764999277,0.000166067300597,1.13046653496e-05,0.140170246363,0.0125802634284,0.0818250030279,0.0757505819201,5.60858097742e-07,0.0500211752951
0.224819555879,1.38345080813e-06,2.20891779463e-05,4.4737731514e-05,0.0457726493478,0.00466096773744,0.0691577196121,0.125940576196,1.8293701487e-07,0.000427184306318
4.3482982619e-06,0.291852802038,0.000100729237602,3.91654992882e-08,0.159900441766,0.00786273274571,0.0228625684977,0.0234774593264,2.85077792483e-08,0.0019793305546
2.86972772301e-06,2.01965534075e-07,0.0002631956595,9.78170646704e-07,0.0587013736367,0.0543387942016,0.203201562166,0.0342019088566,0.0722644850612,2.59859443759e-05
0.538330614567,7.52003143134e-06,6.46747866995e-05,0.000252273428487,0.077375613153,0.00885370187461,0.116984248161,0.172091349959,1.0548985756e-06,0.00135414279066
4.97883665957e-05,0.129638895392,0.000558717409149,3.63116805602e-06,0.303241789341,0.0232876930386,0.0741898715496,0.0569099225104,8.29001237435e-07,0.0138392597437
5.28955183654e-07,1.42812598369e-06,0.159692630172,2.24606200305e-09,0.148892134428,0.0467335283756,0.0329799577594,0.0126866297796,1.01536591046e-06,4.7900233767e-05
5.76370757699e-06,3.21491569366e-07,0.000306464586174,3.56832879334e-06,0.0660294815898,0.054506957531,0.282143086195,0.0441096127033,0.0703856796026,4.88071236759e-05
1.22359176657e-06,5.81488741602e-08,0.000133923676913,2.32110892284e-07,0.040894292295,0.0374466516078,0.156424283981,0.0255071595311,0.132412880659,1.10733017209e-05
5.72662827381e-07,1.57142103774e-08,6.36381009826e-05,6.65150921009e-08,0.0276022087783,0.0239849314094,0.129226058722,0.0197186823934,0.0612554177642,5.04019999426e-06
2.88653009193e-05,6.48380737402e-05,6.16791658103e-05,4.96006464346e-07,0.0946568772197,0.00660791294649,0.0377253070474,0.040408603847,5.51140288962e-08,0.200652390718
2.97708902508e-06,5.09533902004e-06,0.00465804850683,6.00860801114e-07,0.164147123694,0.534915447235,0.130686357617,0.0323832631111,9.29628222366e-05,0.000160312541993
1.9847740873e-07,1.11838609484e-08,6.75454575685e-05,7.79934783424e-09,0.0259076170623,0.0308650936931,0.0679149478674,0.0131353642792,0.000359507626854,1.9737196908e-06
0.153161898255,2.28089197662e-06,2.95696954709e-05,5.75161429879e-05,0.0531367138028,0.00541509920731,0.0773721784353,0.129172414541,2.71571991561e-07,0.000617890560534
1.33258356527e-06,3.77059245693e-06,0.108706176281,1.83744361948e-08,0.181099846959,0.077486410737,0.0547912716866,0.0179147813469,4.34799540017e-06,0.000104960017779
0.00140585971531,0.000491406943183,0.0149951362982,0.0147799141705,0.433413892984,0.358900904655,0.923729836941,0.264057636261,0.739911794662,0.00917731504887
0.00129939266481,0.0247389264405,0.0411561243236,0.00179833453149,0.562691628933,0.237986162305,0.381539225578,0.193486779928,0.00102107145358,0.0496271960437
4.74380811966e-07,1.30943771381e-08,5.86233145441e-05,4.68620058314e-08,0.0262065697461,0.0232111439109,0.118601635098,0.0184115264565,0.173407152295,4.21415325036e-06
1.26741599615e-06,4.22521952714e-06,0.0679208114743,1.16567120401e-08,0.199322298169,0.0577248111367,0.0460437871516,0.0174601022154,2.41594693762e-06,0.000106960069388
0.00786740612239,0.0363789498806,0.00795078091323,0.0112843522802,0.622096657753,0.124871499836,0.48404827714,0.301358938217,0.000377472315449,0.995471715927
4.20801916334e-05,7.51814150135e-05,7.52844498493e-05,9.41590656112e-07,0.102494001389,0.00752912741154,0.0442883335054,0.0459205321968,8.82241266709e-08,0.121803954244
0.0597926303744,1.05281469587e-05,7.73183783167e-05,0.000243728398345,0.0848187282681,0.00948668085039,0.121440455317,0.166574016213,1.24879159102e-06,0.00177066843025
2.98924391018e-07,7.13925052409e-09,4.27683808084e-05,2.06097769961e-08,0.0218818280846,0.0196191780269,0.0999725535512,0.0156306419522,0.224732279778,2.66370238933e-06
1.8795417418e-06,0.216320842505,5.96579593548e-05,8.10612554858e-09,0.132206141949,0.00557708367705,0.0151378214359,0.0172951482236,9.81065806371e-09,0.000927846587729
1.52816744503e-06,9.09863047127e-08,0.000174803033588,3.28566727603e-07,0.0467805154622,0.0442681200802,0.163029819727,0.0274431873113,0.0342884249985,1.40307893162e-05
6.6681974431e-07,2.42956161856e-07,0.000537781335879,5.13338243024e-08,0.0674393102527,0.165432021022,0.0847062468529,0.0195300020278,6.16467586951e-05,1.7766666133e-05
0.000188144287677,0.00160913146101,0.000454721652204,2.20653855649e-05,0.233114078641,0.0223828516901,0.106770038605,0.083826802671,1.51156837092e-06,0.378757566214
7.16384874977e-06,0.0136711094528,0.000113631795102,9.11113389179e-08,0.158400475979,0.00868605822325,0.0280330237001,0.027796048671,4.04616535832e-08,0.00381989777088
4.02057679594e-07,1.23720420575e-08,5.88058574067e-05,3.35120411421e-08,0.0259055737406,0.0239146221429,0.107053175569,0.0172784738243,0.158731773496,3.64356583304e-06
1.82905805559e-05,1.51724134412e-06,0.000695433525834,2.37976964854e-05,0.101717919111,0.083165153861,0.393070161343,0.0652921050787,0.124577395618,0.000150596679305
6.06463402164e-07,2.30195116302e-08,8.25970200822e-05,6.79645140167e-08,0.0311982166022,0.02904497087,0.121977828443,0.0199327114969,0.0722232088447,5.52876008442e-06
3.25020573655e-06,0.143861204386,9.27300352487e-05,2.36671588993e-08,0.16006937623,0.00736302183941,0.0202036947012,0.0212426222861,2.27417391585e-08,0.00138685316779
2.88961473416e-05,0.000225465453696,9.84225989669e-05,6.73241572713e-07,0.122459150851,0.00865358859301,0.0427841730416,0.0422882921994,8.57213962036e-08,0.16240477562
0.00037937075831,0.00322946184315,0.000803106522653,7.78396715759e-05,0.291095167398,0.0317025817931,0.147325530648,0.107746250927,4.40164421889e-06,0.510175704956
0.000149457511725,1.92088873519e-06,5.95555247855e-05,0.0612617619336,0.0593667514622,0.015261715278,0.290709346533,0.212665766478,7.99885765446e-06,0.000321306637488
2.62380899585e-06,1.91923973603e-07,0.000260000873823,8.25999279641e-07,0.0579838789999,0.0546819493175,0.194389760494,0.0330916792154,0.0403591804206,2.39754044742e-05
0.00482712266967,9.86304366961e-05,0.000488188816234,0.307146131992,0.182959169149,0.0436996780336,0.460274338722,0.90458381176,0.00011117750546,0.00541906198487
2.69434185611e-05,1.21808071185e-07,9.8449863799e-06,0.0336960442364,0.0247776024044,0.0053299642168,0.13117057085,0.139932215214,4.45582998054e-07,4.78531110275e-05
5.41222607353e-06,0.251053869724,0.000133738591103,6.25390370601e-08,0.184903338552,0.009301523678,0.0261231902987,0.0256363078952,4.66237821684e-08,0.00209201080725
3.7190002331e-05,8.83959874045e-05,0.0166780017316,4.25708967668e-05,0.326311081648,0.903637766838,0.313306629658,0.0772295817733,0.00135367794428,0.00137560523581
7.70033511799e-05,0.000208080047742,0.000142826364026,3.24575148625e-06,0.137811020017,0.0111660603434,0.0623368509114,0.058197543025,2.57378729884e-07,0.31833294034
0.000112680645543,4.27661348112e-07,1.59687024279e-05,0.0710884407163,0.0357676744461,0.00654100719839,0.128904044628,0.329388827085,6.58500766804e-07,0.000126482860651
0.0393865294755,4.79789605379e-07,1.0748252862e-05,7.86389773566e-06,0.0321817472577,0.00284971413203,0.0441357120872,0.0881180539727,4.64086333807e-08,0.000219559078687
1.61522291364e-06,3.36534746737e-08,7.90425474406e-05,4.98818963024e-07,0.0328116007149,0.0243601109833,0.228701025248,0.0290720462799,0.00121549644973,1.28456467792e-05
7.56752488087e-05,2.66679421657e-07,1.208195863e-05,0.122899822891,0.030931038782,0.00568714132532,0.118093267083,0.27245375514,4.59775122863e-07,8.98300786503e-05
0.127951860428,2.78826905742e-06,3.49984366039e-05,0.000111714871309,0.0572761520743,0.00625312374905,0.0890682712197,0.150711745024,4.11976287751e-07,0.000676938740071
0.0265148784965,0.000932013965212,0.00206666113809,0.422975897789,0.334927618504,0.0907410085201,0.666444599628,0.993046283722,0.000797643617261,0.024760061875
4.68349799121e-06,2.52733485695e-07,0.000271869881544,2.49588674706e-06,0.0617456585169,0.0514910668135,0.262377440929,0.0410289354622,0.0870936661959,4.00013450417e-05
0.0329793430865,7.59229692449e-07,1.4304616343e-05,1.26164377434e-05,0.0372162535787,0.00338175310753,0.0511022955179,0.0958187952638,7.38805354672e-08,0.000301824940834
2.53572557085e-06,0.106449231505,7.77133536758e-05,1.47164227471e-08,0.149220764637,0.00657456973568,0.0178112499416,0.019380800426,1.60687392281e-08,0.00113188207615
0.000491416605655,1.01375835584e-05,0.000157932983711,0.252123355865,0.0978538021445,0.0264500789344,0.400740206242,0.306054979563,3.44591207977e-05,0.00102734903339
9.51584734139e-05,0.000140475211083,0.000130858272314,4.02271916755e-06,0.129620298743,0.0106994966045,0.0643516778946,0.0611879006028,2.7455840268e-07,0.100447021425
8.20220375317e-05,0.108002729714,0.00123999849893,1.06116804091e-05,0.439141690731,0.0365708209574,0.100482262671,0.0697509869933,3.14999442708e-06,0.0136789940298
2.96952492818e-07,7.23162258964e-07,0.134347006679,7.3910760845e-10,0.125409439206,0.0381106697023,0.0254022050649,0.0102433720604,5.06056608174e-07,2.8481517802e-05
4.06519689022e-07,2.1175688758e-08,8.72844466357e-05,3.00976417122e-08,0.0309167578816,0.0327341742814,0.0951110348105,0.0170863047242,0.00217012432404,3.90317518395e-06
0.250399053097,2.45775163421e-06,3.19669743476e-05,8.70803269208e-05,0.0548949465156,0.00585725205019,0.0839173048735,0.142751857638,3.42449652635e-07,0.000628392561339
5.65658456253e-06,0.0302546583116,0.000162275755429,7.24671735952e-08,0.208491429687,0.0103430878371,0.0274865273386,0.0262927878648,6.2602531159e-08,0.00188231328502
1.34535994789e-07,2.92025731596e-07,0.0502593293786,1.57279883561e-10,0.100680574775,0.027290135622,0.0171321127564,0.00761775113642,1.76225185555e-07,1.40585561894e-05
0.000328073743731,0.000100175238913,0.000162175187143,2.10637954297e-05,0.13447766006,0.012608657591,0.0919990539551,0.0870378240943,7.67449932937e-07,0.0233458466828
0.00212030042894,4.40078167685e-07,1.20327786135e-05,5.84193294344e-05,0.032973472029,0.00366445002146,0.0605714581907,0.151370182633,1.02234281485e-07,0.000172147454577
8.95293680969e-07,6.73899990034e-07,0.00122269417625,7.86376190831e-08,0.0927421227098,0.512261092663,0.0877919048071,0.0214223265648,4.18790150434e-05,3.65814557881e-05
1.79951052814e-06,5.97949201619e-06,0.22188359499,2.30280310376e-08,0.211384937167,0.0712812766433,0.0564317405224,0.0199044886976,4.38033384853e-06,0.000142773787957
4.51023970527e-06,0.116639629006,0.000121099154057,4.47900454503e-08,0.179426521063,0.00870288163424,0.0239775441587,0.0240155216306,3.77602624724e-08,0.00175583374221
0.000275676517049,1.53375935952e-06,3.5138331441e-05,0.0895903408527,0.0532031655312,0.0102011375129,0.177809387445,0.435877084732,2.17001752389e-06,0.000309533759719
0.0368563383818,4.47766342404e-06,0.0935966596007,0.159689262509,0.999064028263,0.447022557259,0.869570314884,0.531713485718,0.0139888850972,0.638591527939
6.49766604965e-07,1.99629592856e-08,7.31277250452e-05,8.14980154473e-08,0.0296907797456,0.0261380989105,0.132636785507,0.0205697435886,0.178395301104,5.76199317948e-06
1.03989668787e-06,2.83763347397e-06,0.111568965018,1.12816431752e-08,0.169243112206,0.0705413967371,0.0489641726017,0.0163512956351,3.17968738273e-06,8.43322777655e-05
9.12651448743e-05,0.0673546567559,0.00146883691195,1.32779423438e-05,0.47396799922,0.0401935130358,0.106964819133,0.0728032365441,4.16909051637e-06,0.0138432327658
1.1530763544e-07,2.08413368341e-07,0.0432570539415,1.72714426094e-10,0.0863635987043,0.03351816535,0.0184227488935,0.00723836477846,2.35570126961e-07,1.15405655379e-05
0.0112702362239,1.7620897097e-06,2.35156676354e-05,2.20514175453e-05,0.0480385906994,0.00441758101806,0.0631240159273,0.103732340038,1.50376294528e-07,0.000558801111765
2.43446247623e-05,5.06240030518e-05,5.24175084138e-05,3.5241794194e-07,0.0877178385854,0.00597044685856,0.0343487858772,0.0378463417292,4.14729548481e-08,0.164827376604
1.11925260171e-06,5.75603920083e-08,0.000136269227369,1.93568581608e-07,0.0409184806049,0.0385434441268,0.147878423333,0.0246449578553,0.0393999144435,1.02640105979e-05
2.71262547358e-06,8.4326520664e-06,0.0966213271022,7.5170476066e-08,0.218184605241,0.102171458304,0.07560095191,0.0232550241053,1.0830642168e-05,0.000195384389372
1.92784336832e-05,4.74444641441e-05,4.6768142056e-05,2.37492670863e-07,0.0838974863291,0.00553521281108,0.031132299453,0.0349807776511,3.12490548993e-08,0.270020455122
1.34713300213e-05,9.38641846915e-07,0.000532761914656,1.47512500916e-05,0.0889453738928,0.0718684718013,0.367131561041,0.059021115303,0.0677134469151,0.000110926608613
1.62437785889e-07,3.49649070586e-07,0.164469435811,2.30485297514e-10,0.10351935029,0.031316254288,0.019460119307,0.00818780809641,2.52577336823e-07,1.6418445739e-05
1.0983823131e-06,4.01735924527e-08,0.000105455670564,2.03910559549e-07,0.0364569425583,0.0317617282271,0.159346580505,0.0247321669012,0.179460257292,9.69446136878e-06
3.3921324416e-07,9.85102843742e-09,5.2189156122e-05,2.47946445597e-08,0.0242082215846,0.0224274508655,0.10061904788,0.016270082444,0.141093447804,3.07582172354e-06
5.7136179521e-07,6.34021432688e-07,0.00159795337822,3.31821290445e-08,0.0942187681794,0.494618654251,0.0700101926923,0.0181292928755,1.72424897755e-05,3.36072153004e-05
1.06422166937e-05,1.35040536406e-05,0.0053059803322,5.66522794543e-06,0.202909618616,0.715006649494,0.216091632843,0.0507758334279,0.000538907188457,0.00034821103327
1.48123589838e-07,2.89790193619e-07,0.0943161919713,2.51650089655e-10,0.095400325954,0.0346123501658,0.0200665704906,0.00793721992522,2.88196105203e-07,1.46673773997e-05
2.45799083132e-06,0.0740192681551,7.74812069722e-05,1.39708840052e-08,0.149868741632,0.00654875673354,0.0175928659737,0.0191798117012,1.58156634456e-08,0.00108425691724
3.47007159007e-07,8.66042739744e-07,0.156273856759,9.99552995928e-10,0.131084129214,0.0405113063753,0.0273574776947,0.0108546530828,6.17602097464e-07,3.27362249664e-05
3.58467877959e-05,8.9261244284e-05,7.60413749958e-05,7.6589259379e-07,0.104331873357,0.00752641772851,0.0424957312644,0.0439210236073,7.92976280195e-08,0.262309759855
0.00181839999277,0.00487901642919,0.00179247104097,0.000888550595846,0.376185208559,0.0526919737458,0.260106086731,0.178710207343,3.06266629195e-05,0.477894455194
5.37995674676e-07,1.55564539028e-08,6.42092563794e-05,5.84391841585e-08,0.0275832489133,0.0243901498616,0.123937554657,0.019244838506,0.187293857336,4.77823596157e-06
1.03641032183e-05,2.34466078837e-05,0.00998055841774,5.03980618305e-06,0.240967139602,0.60674071312,0.203129291534,0.0498600974679,0.000328840891598,0.000502446608152
0.000139022784424,0.00027550701634,0.000199649424758,8.78633363754e-06,0.157052278519,0.0138493273407,0.0798411741853,0.0710823386908,5.49599064925e-07,0.178044527769
5.38412496098e-05,0.00036192801781,0.000152815133333,2.09297036236e-06,0.147139802575,0.0114364549518,0.0574130788445,0.052848469466,2.09086266523e-07,0.31409573555
0.00833460874856,2.60356409854e-06,3.64035149687e-05,0.000285004149191,0.0574721321464,0.00700963055715,0.102591477334,0.195267319679,5.93229970036e-07,0.000591476564296
2.49162354748e-07,5.07152321916e-07,0.0364626012743,8.46215264527e-10,0.107806839049,0.0463103279471,0.026944141835,0.00965749565512,6.53964093544e-07,2.30116456805e-05
1.20800405057e-06,4.02933801524e-06,0.0598806850612,1.06154205426e-08,0.197751179338,0.0560819804668,0.0447675511241,0.0171489343047,2.22670200856e-06,0.000102808160591
9.42904371186e-05,0.000533453014214,0.531916081905,3.02510925394e-05,0.556642174721,0.250468969345,0.266089111567,0.0822089314461,0.000425629055826,0.00430738460273
0.162501782179,3.68487008018e-06,4.0248312871e-05,9.88557803794e-05,0.0617587305605,0.00654065515846,0.0906229168177,0.142951115966,4.55867450455e-07,0.000852898694575
1.84786003388e-07,4.12358332369e-07,0.116501756012,2.94728269568e-10,0.108585827053,0.0321742780507,0.0204323623329,0.00858648773283,2.84917291538e-07,1.85381904885e-05
0.0269380398095,0.00487689487636,0.00962159316987,0.990731358528,0.525655210018,0.235940188169,0.994761407375,0.741429626942,0.0144007531926,0.0623817816377
0.00103053729981,0.00877175480127,0.00183268985711,0.000449975923402,0.394583493471,0.0521608106792,0.228671461344,0.153429999948,2.0412284357e-05,0.701184153557
8.5831220531e-07,3.38066534766e-08,9.93821959128e-05,1.27438823938e-07,0.0348344929516,0.031597264111,0.140639930964,0.0225752759725,0.318146526814,7.73317515268e-06
5.79503284825e-05,0.000149613813846,0.000112222718599,1.89401760053e-06,0.123945176601,0.00960844848305,0.0540278144181,0.0523958615959,1.6506410816e-07,0.284341812134
1.19700166579e-06,3.59949581252e-08,9.54137358349e-05,2.51458544653e-07,0.0350647568703,0.0290831439197,0.174168244004,0.0256710741669,0.0178578272462,1.02747735582e-05
2.11118604057e-05,0.124333515763,0.000406421080697,8.46608031679e-07,0.290495127439,0.0185309499502,0.0521221756935,0.0424753800035,3.83541873816e-07,0.00544479722157
0.000305127468891,0.00171799119562,0.453902572393,0.000298926839605,0.66386705637,0.407186150551,0.422816127539,0.123938061297,0.00219083367847,0.0108344443142
0.605429589748,8.32154619275e-05,0.00031943313661,0.00400933530182,0.160469204187,0.0236215982586,0.252364248037,0.295645236969,1.59781920956e-05,0.00647244602442
4.10589154853e-06,0.191413387656,9.47617372731e-05,3.48183739618e-08,0.155242562294,0.00757678225636,0.0221272427589,0.0229589566588,2.55420751216e-08,0.00192781316582
0.00065837521106,0.00015002588043,0.000236900377786,6.24567619525e-05,0.156726762652,0.0160442180932,0.119848884642,0.108720436692,1.77427125436e-06,0.0243885684758
1.28911153752e-07,3.07690406487e-08,0.000190221428056,2.6603905745e-09,0.037501655519,0.106220968068,0.0439800061285,0.0108668897301,1.11102508527e-05,3.73578745894e-06
0.000184460543096,0.000177918700501,0.013131714426,0.000621280109044,0.361282140017,0.475567549467,0.547127723694,0.134109452367,0.019873784855,0.00251806899905
0.00065351271769,1.88287776837e-05,0.000259221968008,0.160737752914,0.118429556489,0.0351298823953,0.49386075139,0.31031948328,7.82034549047e-05,0.00153712520842
9.08766014618e-06,0.178341791034,0.000203648305614,1.69763026747e-07,0.220168888569,0.0120897805318,0.0340870730579,0.0310914497823,1.03667119333e-07,0.00302702141926
0.000190315957298,1.13556279757e-06,2.99585099128e-05,0.28475856781,0.0488626994193,0.00973725132644,0.178267121315,0.335298448801,1.98580505639e-06,0.00024512867094
4.23256977911e-07,1.03761816916e-08,5.10995014338e-05,3.9141529129e-08,0.0243938211352,0.0212758723646,0.116315469146,0.0177295804024,0.0497493445873,3.72645763491e-06
5.43772387118e-07,1.39121448228e-06,0.372369140387,2.78383005536e-09,0.144420817494,0.0519348420203,0.0352083928883,0.0128487851471,1.25685164676e-06,4.8051631893e-05
6.72427972859e-07,2.76738827409e-08,9.18373698369e-05,8.05407083249e-08,0.0329838097095,0.0309894327074,0.125149846077,0.0206420402974,0.045719794929,6.15792123426e-06
2.40137887886e-06,0.0765423029661,7.59223185014e-05,1.33398865287e-08,0.148497238755,0.00646643061191,0.0173731595278,0.0190110988915,1.52257388919e-08,0.00106732081622
0.000112765999802,0.000247869407758,0.000176973233465,6.17826844973e-06,0.14982098341,0.0128198442981,0.0731546282768,0.0662235096097,4.19493233039e-07,0.208671197295
1.81457744475e-06,0.175487697124,5.85567649978e-05,7.59495399905e-09,0.131450712681,0.00550694623962,0.0148847652599,0.0170773360878,9.4264711592e-09,0.000895872828551
3.72111662728e-06,2.0940395018e-07,0.000251928664511,1.64210212006e-06,0.0587390363216,0.0504003241658,0.237201839685,0.0377638228238,0.294111639261,3.23724925693e-05
4.09795029555e-06,0.0475881174207,0.000119833814097,3.81875153721e-08,0.18166847527,0.00859219767153,0.0230890363455,0.0232579689473,3.58843230686e-08,0.00154373084661
5.32341027792e-06,4.94479991175e-07,0.000427761522587,2.73305363407e-06,0.075750619173,0.0706780254841,0.244041323662,0.0422336421907,0.0606886297464,4.80350463476e-05
2.34596700466e-05,8.97624587992e-08,7.78696266934e-06,0.0567451268435,0.0223823450506,0.00462826294824,0.115021519363,0.139822036028,2.97988549391e-07,3.90368004446e-05
4.19733769377e-05,0.324947148561,0.000535596103873,2.74952367363e-06,0.304021090269,0.0225101299584,0.0694997161627,0.0537792369723,7.34315733553e-07,0.0112248901278
1.24506058796e-07,2.51546339314e-07,0.270690083504,1.43444423006e-10,0.0944828614593,0.0290737785399,0.0174060035497,0.00741824414581,1.90235098785e-07,1.28288138512e-05
3.69759732166e-07,1.13412763625e-08,5.64762376598e-05,2.87059531701e-08,0.0252654887736,0.0235061626881,0.103177607059,0.0167614202946,0.0973899587989,3.36162361236e-06
2.90028947347e-06,4.80710832562e-06,0.00444388249889,5.76099523641e-07,0.161418750882,0.558773458004,0.129747152328,0.0321019105613,9.22592589632e-05,0.000153793531354
1.85604528724e-06,3.66872576762e-08,6.60928708385e-05,7.23249797829e-07,0.0304159224033,0.0211267322302,0.276884049177,0.0309940222651,0.000367490865756,1.39334497362e-05
1.48131803144e-05,7.39519891795e-05,4.96863358421e-05,1.71749718447e-07,0.0888005569577,0.00567060429603,0.029312973842,0.0325859934092,2.71063402835e-08,0.289713829756
2.05157675737e-06,0.039571646601,7.01309472788e-05,9.98812144104e-09,0.14524936676,0.00612389296293,0.0161268413067,0.0179677046835,1.28041044434e-08,0.00091060489649
0.000175560518983,0.000288778974209,0.000221248599701,1.26929635371e-05,0.162853866816,0.0148187698796,0.0871689915657,0.0766355544329,7.18798901289e-07,0.137482389808
6.79409322402e-06,5.68865118566e-07,0.000443016790086,4.29527881352e-06,0.0783212706447,0.0696480199695,0.273686796427,0.0461637564003,0.358687639236,5.97319703957e-05
0.00175021903124,0.0132824331522,0.00272864452563,0.00108573131729,0.45114672184,0.0662580952048,0.282810747623,0.183864399791,4.43745993834e-05,0.898436069489
2.86751856038e-07,6.53317622223e-09,4.05645259889e-05,1.93093168122e-08,0.0212860703468,0.0189603976905,0.0993400663137,0.0154179167002,0.114167101681,2.54555061474e-06
3.19645660056e-05,4.683611769e-05,5.607795174e-05,5.31377565949e-07,0.089153572917,0.00627512857318,0.0377577841282,0.0411815606058,5.39618163486e-08,0.0795349478722
4.04209117733e-07,1.01890451631e-08,5.10403770022e-05,3.56613405472e-08,0.0242951046675,0.0214130524546,0.113056637347,0.0174193568528,0.0911269187927,3.57788394467e-06
6.7540429427e-07,1.67571977272e-06,0.0678764358163,5.35325650475e-09,0.147272869945,0.0632202103734,0.0413435548544,0.0139608839527,2.03534136745e-06,5.6894707086e-05
8.11283143776e-07,2.55798590842e-06,0.0455484688282,4.96363172786e-09,0.177900493145,0.0480752326548,0.0372216403484,0.0148060563952,1.34100923788e-06,7.23766715964e-05
0.000644582265522,0.00201278645545,0.000823428679723,0.000155411820742,0.283239513636,0.0328483991325,0.169573187828,0.125218018889,6.74170951243e-06,0.501309990883
1.58927232405e-05,8.95725315786e-06,2.18936511374e-05,1.05131064743e-07,0.0557642541826,0.00351478019729,0.0235144216567,0.0304740555584,1.26044890081e-08,0.0144842965528
2.13058797272e-06,0.117160186172,6.75385599607e-05,1.0465385003e-08,0.140396550298,0.00601834664121,0.0162473991513,0.0181541983038,1.22983294659e-08,0.000995940761641
6.83502605625e-07,2.58188670443e-08,8.69051946211e-05,8.48019254818e-08,0.0322219394147,0.0296022426337,0.128693446517,0.0208176523447,0.147689625621,6.19397906121e-06
5.66537673876e-05,0.262860357761,0.000654516916256,4.7170765356e-06,0.325227558613,0.0255446359515,0.0797018557787,0.0598450303078,1.09420977878e-06,0.0142865264788
2.06962738503e-07,4.04418500466e-07,0.0312003642321,6.05000438636e-10,0.10139990598,0.0439153164625,0.0249167326838,0.00901583675295,5.33977527084e-07,1.94044332602e-05
1.40524298331e-05,0.0983231589198,0.000300363666611,3.95706194922e-07,0.259677946568,0.0153359193355,0.042753662914,0.0366112031043,2.13342545408e-07,0.00399734545499
2.05209232718e-07,7.18710069236e-08,0.000327201356413,5.94811622179e-09,0.0485494360328,0.172091946006,0.0513715073466,0.012775503099,1.33718640427e-05,6.96472898198e-06
0.000167793303262,0.000197349407244,0.000184090444236,1.05187027657e-05,0.148793518543,0.013303546235,0.0818588808179,0.0741933733225,5.76777893002e-07,0.0833939090371
0.0787836015224,3.18707570841e-05,0.000159213872394,0.000806917436421,0.118668586016,0.0146587863564,0.171394348145,0.208967715502,4.13726957049e-06,0.00368922180496
5.48422849533e-06,6.6243484298e-07,0.000527655647602,2.7123332984e-06,0.0828717201948,0.0826119929552,0.234328791499,0.0423692092299,0.0163800995797,5.08246630488e-05
0.000112171357614,0.438670217991,0.00134965160396,1.76473258762e-05,0.436359852552,0.0390882603824,0.11315189302,0.0773918926716,3.99998771172e-06,0.0192622542381
9.89562295217e-07,3.00594047076e-06,0.150505781174,7.40490868623e-09,0.179684966803,0.0572393871844,0.0431708358228,0.0159767232835,2.08931874113e-06,8.42026493046e-05
4.65322131049e-07,1.27664518956e-08,5.7854802435e-05,4.52883774926e-08,0.0260103736073,0.023048684001,0.117768891156,0.0182863511145,0.174797102809,4.13428006141e-06
1.24876960399e-05,0.178471446037,0.000260951754171,3.10561063088e-07,0.242892742157,0.0141145037487,0.0399749130011,0.034959666431,1.66759946296e-07,0.00382306682877
0.25115069747,1.57461647632e-06,2.39825385506e-05,5.15017527505e-05,0.0476788207889,0.00489998841658,0.0721348822117,0.12922847271,2.09733912016e-07,0.000466490309918
2.39344416286e-07,5.64340211895e-07,0.104176178575,4.85846973763e-10,0.118069984019,0.0348963290453,0.0228689685464,0.00945162493736,3.81607407007e-07,2.34974650084e-05
7.60601960792e-06,8.23937227779e-07,0.000563791836612,4.92000344821e-06,0.0874185338616,0.0818629190326,0.270710945129,0.0476761944592,0.0596398934722,6.83549587848e-05
0.000324057444232,5.28084274265e-05,0.000116567258374,1.55734887812e-05,0.114170394838,0.0103687597439,0.0823979824781,0.0829326212406,5.17703767855e-07,0.0128616141155
5.0252708661e-07,1.18699119867e-06,0.0646559968591,3.01339864173e-09,0.135173916817,0.0567843206227,0.0361673757434,0.012514885515,1.41463851833e-06,4.36819682363e-05
1.87716195796e-05,2.11469412648e-07,2.70319051197e-05,0.000388928456232,0.0310028102249,0.010077195242,0.314760386944,0.0897088423371,3.57489943781e-06,6.16736360826e-05
0.167326167226,4.23256580007e-07,1.01255636764e-05,8.48206946102e-06,0.0311023741961,0.00280222319998,0.0439428426325,0.0906497687101,4.48074750636e-08,0.000197064466192
0.394769787788,4.27940631198e-06,4.55693188997e-05,0.000157703616424,0.0652465522289,0.00725804734975,0.100149430335,0.159236013889,6.15974499851e-07,0.000914363365155
0.000436467846157,4.03872127208e-06,6.65467305225e-05,0.435896456242,0.0722532644868,0.0154262715951,0.247742116451,0.409721672535,6.9260336204e-06,0.000588957977016
6.86881605816e-07,2.50278446856e-08,8.48467898322e-05,8.63632365622e-08,0.0318895764649,0.0290339142084,0.13012650609,0.0208776053041,0.29068723321,6.19745969743e-06
2.87728965986e-07,6.16910966755e-09,3.8896479964e-05,1.97529370638e-08,0.0208826009184,0.0183464065194,0.101169407368,0.0154668325558,0.0435233414173,2.53549342233e-06
5.27680981577e-07,1.47940983908e-08,6.22453808319e-05,5.68461899775e-08,0.0271549429744,0.0238908138126,0.123879976571,0.0191285461187,0.122141264379,4.67369090984e-06
6.81258097757e-05,0.156215533614,0.0010138299549,7.41191388443e-06,0.404720574617,0.0325219221413,0.091345757246,0.0650410205126,2.20420702135e-06,0.0125474510714
0.346330225468,1.00940883385e-06,1.79706257768e-05,2.94651181321e-05,0.0413488410413,0.00408314820379,0.0616023913026,0.11606066674,1.26954205371e-07,0.00034711920307
6.4335240495e-06,7.57005454943e-06,0.00405494077131,2.41175484916e-06,0.175596475601,0.708327531815,0.181263163686,0.0426758378744,0.000316490564728,0.000225185664021
4.32516827686e-07,1.21843902434e-06,0.0375715568662,1.48961942781e-09,0.147895053029,0.0386896766722,0.0281465537846,0.0117378141731,6.34796492704e-07,4.11336004618e-05
0.219069957733,5.11342022946e-07,1.1670312233e-05,1.36253047458e-05,0.033280223608,0.00313059729524,0.0489917546511,0.100681342185,6.14161663748e-08,0.000218564862735
0.222018688917,1.55420348165e-05,0.000102465965028,0.000494177569635,0.0963223204017,0.011565009132,0.14414472878,0.193822011352,2.1858945729e-06,0.00222314195707
0.150968343019,6.55397934679e-06,5.82225475227e-05,0.000183169642696,0.0738078579307,0.00817253347486,0.108759321272,0.160232275724,8.39222138893e-07,0.00125748349819
2.27000837185e-05,4.81686765852e-05,5.00595597259e-05,3.10618844424e-07,0.0859882906079,0.00579643482342,0.0332423038781,0.0369197614491,3.76630815424e-08,0.173680186272
0.000231128724408,0.132866501808,0.00284927664325,6.85040795361e-05,0.575025737286,0.0602834485471,0.160911545157,0.101112760603,1.52182574311e-05,0.0274238400161
7.21943933968e-07,2.26496208455e-08,7.79082911322e-05,9.84019834505e-08,0.0308029297739,0.0269745010883,0.138177216053,0.0213557388633,0.140978634357,6.3862225943e-06
1.07742798718e-05,2.69502816082e-05,3.00216615869e-05,7.89053586914e-08,0.0685911551118,0.00417407788336,0.0232107322663,0.0282539054751,1.31986617191e-08,0.328874200583
1.31720371428e-05,1.449530032e-06,0.000732850458007,1.26590193759e-05,0.101602137089,0.0907359570265,0.329746097326,0.0577462688088,0.269968032837,0.000114585185656
4.68683310828e-07,1.62273270377e-08,6.87054634909e-05,4.3215791834e-08,0.0281351059675,0.0263030193746,0.111321642995,0.0182039979845,0.0643269866705,4.27661962021e-06
6.2661638367e-07,1.74285492704e-08,6.69690198265e-05,7.82699558499e-08,0.0284461099654,0.0245848167688,0.134019449353,0.0203648433089,0.0509927943349,5.50081767869e-06
0.0579439029098,3.2517125419e-06,3.64424886357e-05,7.04228223185e-05,0.0590549968183,0.00604026252404,0.0840316340327,0.132463127375,3.62768417972e-07,0.000801058020443
1.073691692e-06,3.22047753798e-06,0.324177891016,8.83741435587e-09,0.180799648166,0.0613609403372,0.0457892082632,0.0164817161858,2.49357640314e-06,8.96801138879e-05
0.0360910929739,0.182834535837,0.0331122204661,0.109413214028,0.879022181034,0.275249063969,0.78491717577,0.496380984783,0.004487011116,0.00711735570803
0.0048164841719,0.000496169435792,0.00253746029921,0.352380007505,0.300197184086,0.121744789183,0.90444201231,0.477916181087,0.00253952620551,0.0135550349951
6.52705466564e-07,3.85286170967e-07,0.000848117284477,4.59393092456e-08,0.0787812694907,0.335130423307,0.0791429355741,0.0192110463977,3.5322347685e-05,2.43076210609e-05
1.78841742127e-06,6.32269484413e-06,0.0741635933518,2.2325409077e-08,0.21970038116,0.064766138792,0.0533677712083,0.0198071952909,3.6174426441e-06,0.000145304293255
0.000124631100334,4.33818968304e-05,8.30487333587e-05,3.94694052375e-06,0.100708693266,0.00826788321137,0.0599311888218,0.0623413361609,2.01291555868e-07,0.0175513904542
2.32162264524e-07,5.44256977264e-07,0.103621795774,4.58014681737e-10,0.116970553994,0.0345276929438,0.022554686293,0.00934519805014,3.67965327541e-07,2.28569897445e-05
1.71218234755e-05,3.69742847397e-05,0.0112754134461,1.18568177641e-05,0.266573786736,0.796127259731,0.243401497602,0.0593322739005,0.000605475623161,0.000714870810043
1.16919738957e-06,2.58807199316e-06,0.0119156679139,3.35899237314e-08,0.152129113674,0.120125025511,0.0649426430464,0.0183686707169,8.42454119265e-06,8.58919738675e-05
0.0366707183421,0.000570899690501,0.000985447899438,0.00699111865833,0.26576012373,0.039729565382,0.341090410948,0.303535044193,6.0624890466e-05,0.0267204232514
2.42919441007e-06,0.215865209699,7.26667349227e-05,1.33533015756e-08,0.143758460879,0.00632130587474,0.0173080936074,0.0190353505313,1.43507792316e-08,0.00113034865353
6.30803867807e-07,2.03415766009e-06,0.0215061362833,3.00895885985e-09,0.17303776741,0.0401793755591,0.0315130501986,0.013457342051,8.27149392535e-07,5.91841599089e-05
1.13764292564e-06,3.1371332625e-06,0.105078808963,1.35942510582e-08,0.173164412379,0.0733438432217,0.0511354580522,0.0169036053121,3.59355931323e-06,9.12035393412e-05
5.082892676e-05,3.36657576554e-05,5.67409297219e-05,9.74442627921e-07,0.0869039967656,0.00642173970118,0.0428000278771,0.0468858629465,7.50512825221e-08,0.0264607332647
9.89939417195e-06,1.77056535904e-05,2.46961335506e-05,6.13054496057e-08,0.0618042461574,0.00371000822634,0.0214064586908,0.0270201042295,1.02473567409e-08,0.112565837801
5.56077065994e-05,1.68294974401e-07,9.09082427825e-06,0.106341831386,0.0267190076411,0.00481854286045,0.103954590857,0.250081121922,2.94054615324e-07,6.50658330414e-05
0.00143714551814,8.52301411669e-07,1.34522915687e-05,3.75510444428e-06,0.0370157510042,0.00286335288547,0.0415287874639,0.0711203739047,4.38940794822e-08,0.000384235667298
4.02832199597e-07,7.03662816903e-09,3.92845940951e-05,3.9237580296e-08,0.0215115211904,0.0175699964166,0.125401213765,0.0176078733057,0.0031832405366,3.41049667441e-06
3.19812130556e-07,9.9323877123e-08,0.000346951914253,1.37409648104e-08,0.0525200814009,0.140671730042,0.0632844939828,0.0150351664051,2.78797506326e-05,9.03469754121e-06
2.64248183157e-06,9.11483675736e-06,0.518219053745,4.93441945082e-08,0.231446608901,0.0842648297548,0.0678652748466,0.0229271315038,7.42702059142e-06,0.000198715599254
3.19556056638e-05,6.57422133372e-05,6.44279934932e-05,5.85883242366e-07,0.0961752906442,0.00680462783203,0.039289675653,0.0417865738273,6.19625879494e-08,0.161634236574
7.28219238226e-05,1.44039468069e-05,0.00247493037023,0.000192055551452,0.187262043357,0.165833964944,0.517960548401,0.102165102959,0.417735159397,0.000597686681431
6.48145214655e-05,0.000201970266062,0.000132089902763,2.4514663437e-06,0.134010016918,0.0106023410335,0.0582321435213,0.0549844615161,2.10043964444e-07,0.473424017429
4.47035017714e-06,2.26251074764e-07,0.000254187063547,2.33768241742e-06,0.0597503632307,0.049361217767,0.261736541986,0.0404395721853,0.057623013854,3.79932680517e-05
6.05692439422e-05,0.128021225333,0.000944787054323,6.02417730988e-06,0.396848589182,0.0310870278627,0.0867450386286,0.0624068044126,1.90650018794e-06,0.0113616306335
4.08500170579e-07,9.68434665793e-09,4.90835009259e-05,3.69746508966e-08,0.023881547153,0.0207468550652,0.115516334772,0.0175206270069,0.0378270372748,3.58785428034e-06
0.00102938257623,0.0262072198093,0.00272183516063,0.000551946752239,0.469738721848,0.0645842924714,0.24765022099,0.158325761557,2.86993436021e-05,0.262969464064
3.61673774023e-05,1.72549235344e-07,1.16428100227e-05,0.0795111954212,0.0275905039161,0.00586571497843,0.13776807487,0.158132582903,5.65034895317e-07,6.17361292825e-05
2.4711067681e-07,5.37594132766e-07,0.146920442581,6.54218845764e-10,0.112483151257,0.0407520644367,0.0251305401325,0.00959961395711,5.17789658261e-07,2.34266481129e-05
1.36276952389e-07,2.24857188869e-07,0.0097695235163,3.7723507651e-10,0.0838942378759,0.0457005053759,0.0225798655301,0.00774610042572,4.42499271003e-07,1.28314322865e-05
5.79782181376e-06,0.179971650243,0.000143519311678,7.1867304996e-08,0.191142365336,0.00970789603889,0.0271415822208,0.0263251848519,5.29628287893e-08,0.00216839788482
8.39169751998e-06,0.0831001028419,0.000202298935619,1.49049199649e-07,0.222659870982,0.0119760427624,0.0330676287413,0.0302832089365,9.96768676487e-08,0.00271869893186
6.68114466862e-07,2.37860451335e-08,8.23834343464e-05,8.25605113164e-08,0.0314016826451,0.0285128299147,0.129302367568,0.0206839051098,0.384088695049,6.01970350544e-06
1.46598111428e-07,3.07275087152e-07,0.213497087359,1.93411800464e-10,0.0997930020094,0.0305423717946,0.0186800118536,0.00788278225809,2.27955780474e-07,1.49165953189e-05
2.94713828453e-07,9.1039202843e-09,5.1222552429e-05,1.87794508832e-08,0.0237320866436,0.0226498581469,0.0929471626878,0.0154282497242,0.0277731548995,2.70694772553e-06
6.30063805147e-05,0.365653276443,0.00087453587912,6.21949084234e-06,0.376986771822,0.0299549717456,0.0868224203587,0.0629330947995,1.73229284428e-06,0.0127512263134
4.23185127829e-07,1.33995836649e-08,6.14551681792e-05,3.65856571705e-08,0.0265360064805,0.0245356280357,0.108754396439,0.0175881199539,0.134783387184,3.83915357816e-06
1.37821942303e-07,2.32430522829e-07,0.0118045303971,3.57604112988e-10,0.0852836370468,0.0439447686076,0.0222288034856,0.00777198467404,4.17637892269e-07,1.30604485093e-05
0.174126461148,3.35210620506e-06,3.7912879634e-05,8.99723090697e-05,0.05997941643,0.00631314283237,0.0880408808589,0.140563830733,4.13923288534e-07,0.000799384783022
0.000509063072968,0.347897231579,0.0046178069897,0.000259170803474,0.643225491047,0.081358499825,0.221392527223,0.132598295808,4.07523912145e-05,0.0508221238852
5.7202152675e-05,3.86570661703e-07,2.02719857043e-05,0.0568974278867,0.035793337971,0.00814294721931,0.180505812168,0.172006040812,1.40659790304e-06,0.000107162428321
0.00124089990277,3.41713021044e-05,0.000311163661536,0.774168789387,0.139086395502,0.0384310632944,0.482759386301,0.41238412261,9.1458830866e-05,0.00240440503694
2.86804493044e-06,0.0433126166463,9.08798610908e-05,1.91525817428e-08,0.161983937025,0.00721599534154,0.0192020628601,0.020362906158,2.1084321844e-08,0.0011770692654
1.44764783272e-07,3.04153161323e-07,0.174976155162,1.85744933323e-10,0.0997300893068,0.0301689952612,0.0184900742024,0.00784427765757,2.21277176138e-07,1.47727623698e-05
1.20218819575e-05,0.158062160015,0.000255493621808,2.89936707532e-07,0.241386160254,0.0139184370637,0.039282348007,0.0344899147749,1.59490525675e-07,0.00369048165157
8.36188746689e-07,2.22634957936e-06,0.136027932167,7.13771219907e-09,0.160166874528,0.0640228688717,0.043994512409,0.0150824151933,2.35274114857e-06,6.97424329701e-05
0.319191306829,1.18903403745e-06,1.99753867491e-05,3.6040222767e-05,0.0435750484467,0.00436374591663,0.0652500540018,0.120606802404,1.52398826003e-07,0.000387262756703
9.1926785899e-06,3.91068897443e-05,0.337478250265,4.76634141933e-07,0.32578253746,0.122520424426,0.111191533506,0.0359870754182,2.98640352412e-05,0.000595972058363
7.85675802035e-05,0.509639263153,0.000874431279954,8.7061926024e-06,0.363659352064,0.0304218996316,0.0935121700168,0.0674906820059,1.87535022178e-06,0.0173128154129
3.97753683501e-06,1.48410636029e-05,0.341090708971,1.01884857884e-07,0.260848730803,0.0943192765117,0.0795210301876,0.0265895090997,1.14880767796e-05,0.000286274123937
4.37823337052e-06,0.4830724895,0.000103201287857,4.00017050595e-08,0.162267282605,0.00797008350492,0.0230253525078,0.0235639084131,2.96093816132e-08,0.00195268727839
2.14844021684e-07,4.67219962275e-07,0.436005532742,4.57064303072e-10,0.109631538391,0.0371072664857,0.023013535887,0.00910285487771,4.0333884499e-07,2.0834402676e-05
1.03099819171e-05,4.20559132408e-07,0.000283680041321,1.14172253234e-05,0.0662573650479,0.0479034371674,0.40388700366,0.0551032535732,0.00389039190486,7.88147735875e-05
0.00078605505405,0.000656613556203,0.000524785136804,0.000144397548866,0.22673022747,0.0256011020392,0.157767817378,0.125752225518,4.85532473249e-06,0.0931431725621
9.89944746834e-05,8.72608040936e-07,3.33688403771e-05,0.0945077314973,0.0461847707629,0.0108727114275,0.221215292811,0.201424375176,3.06585616272e-06,0.000189292695723
7.00896862327e-07,1.93768869394e-06,0.424597769976,4.04157418643e-09,0.158984333277,0.0536963194609,0.0382456034422,0.0140914106742,1.53756548116e-06,6.1074984842e-05
7.51894476707e-05,3.35534110718e-07,1.44170835483e-05,0.801214396954,0.0335370674729,0.00657300231978,0.13724219799,0.237172007561,7.06532830463e-07,0.000102974969195
1.13485805286e-06,3.24318966705e-06,0.238464340568,1.19316192482e-08,0.177033275366,0.0687839835882,0.0494028367102,0.0168621391058,3.18782463182e-06,9.22319013625e-05
4.66429753487e-07,2.38796758367e-07,0.000648229499348,2.54407463984e-08,0.068763576448,0.278561025858,0.069863460958,0.0170696601272,2.6402714866e-05,1.70232688106e-05
0.142715618014,7.7585980307e-07,1.53062155732e-05,2.36779196712e-05,0.0381062366068,0.00372605281882,0.0571624971926,0.112098097801,9.92316557813e-08,0.000288097333396
6.62251768517e-05,1.78273225515e-07,9.21063292481e-06,0.0322385504842,0.027032295242,0.00468182610348,0.0984904021025,0.301793664694,2.64038959585e-07,6.91062450642e-05
1.43855572787e-06,4.09459880757e-06,0.0990612283349,2.17419149351e-08,0.18430583179,0.0804973915219,0.0569864846766,0.0184301286936,4.86996032123e-06,0.000112062836706
1.03082652458e-06,3.61884372069e-06,0.0258591622114,7.67381802547e-09,0.199150085449,0.0476859845221,0.0391870774329,0.0161263495684,1.48697597524e-06,9.18228324736e-05
4.16448301621e-07,1.30307933333e-08,6.04842753091e-05,3.56200793306e-08,0.0263117067516,0.0242992360145,0.108298070729,0.0174920447171,0.149148210883,3.77550054509e-06
5.42757902622e-07,1.86218329645e-08,7.29578241589e-05,5.68175728688e-08,0.0292469616979,0.0268774963915,0.119082383811,0.0192050524056,0.171709626913,4.91550099468e-06
6.19585421191e-07,2.01397460842e-06,0.0194770991802,2.89771939777e-09,0.173462763429,0.0393403843045,0.0309815295041,0.013362438418,7.85819622706e-07,5.84743393119e-05
2.7449871709e-07,6.22462570377e-09,3.96283649025e-05,1.78161130293e-08,0.0209866054356,0.0187536422163,0.0974870398641,0.0151760391891,0.138283774257,2.43990234594e-06
0.0850674211979,7.54647999202e-07,1.44955156429e-05,1.51081812874e-05,0.0373424626887,0.00346891721711,0.0527004152536,0.100259684026,7.99393902184e-08,0.000294732279144
0.181792035699,5.07700633534e-07,1.13726591735e-05,1.0576582099e-05,0.0329838916659,0.00301371933892,0.0468525625765,0.0944831967354,5.46898277776e-08,0.00022282487771
0.000854071229696,3.43022984453e-05,0.000427405146183,0.114733196795,0.142223969102,0.0466823652387,0.603493452072,0.314727425575,0.00017967360327,0.00226242374629
9.73433458284e-08,3.57031986198e-08,0.000258599000517,1.47449052967e-09,0.0403209403157,0.216887667775,0.0366884730756,0.0097325257957,4.71334442409e-06,4.03591457143e-06
1.29943225602e-06,6.26676381899e-08,0.000139126903377,2.57953018945e-07,0.0417850092053,0.038169439882,0.159892037511,0.0260530244559,0.14783808589,1.17445715659e-05
8.45855101943e-05,7.00227417383e-07,2.93579996651e-05,0.0764350220561,0.0431451164186,0.0101007008925,0.210875183344,0.191597923636,2.52169024861e-06,0.000162096475833
0.00055123551283,0.000267628114671,0.000304455141304,6.33595409454e-05,0.178313493729,0.0184929091483,0.124838814139,0.107548683882,2.13653538594e-06,0.0461650751531
1.39801400678e-07,2.88864754339e-07,0.272004663944,1.79523354515e-10,0.0979770869017,0.0302900522947,0.0183628741652,0.00774610834196,2.18710496824e-07,1.42581729961e-05
6.43762064101e-07,5.84520059022e-08,0.000163872769917,6.20413516117e-08,0.0422201938927,0.0501966997981,0.103806786239,0.0198845043778,0.000750094710384,6.58527414998e-06
4.19310454163e-05,0.279851943254,0.000650479341857,2.96400662592e-06,0.340675503016,0.0249284431338,0.0718490034342,0.0543628595769,9.73390342551e-07,0.00940133538097
0.000196056906134,0.00143782887608,0.129231736064,0.000100169876532,0.701280772686,0.245522484183,0.300424218178,0.105144925416,0.000571483920794,0.0084280911833
1.70925613929e-06,0.162980079651,5.60944790777e-05,6.76704647873e-09,0.129160881042,0.00535698514432,0.014433208853,0.0167023073882,8.66448335302e-09,0.000853009405546
0.00759339798242,1.16571914077e-06,2.14599131141e-05,9.83133068075e-05,0.0444289706647,0.0049930261448,0.076729670167,0.157636165619,2.31931210237e-07,0.000348648027284
4.05523422842e-07,1.28085009266e-08,6.01671054028e-05,3.38240049302e-08,0.0261934399605,0.0243101809174,0.10676150769,0.017318809405,0.107279606164,3.68463474842e-06
0.00286538247019,4.05053833674e-05,0.00027214770671,0.173111155629,0.141345620155,0.0312029849738,0.371324360371,0.89836794138,4.38215392933e-05,0.00299595412798
1.32587592816e-05,7.64198484831e-05,4.79586487927e-05,1.43655327633e-07,0.0879278108478,0.0055288663134,0.0280876010656,0.0314306020737,2.4062387638e-08,0.181965783238
3.64943076647e-07,8.76599926869e-07,0.553652584553,1.26033528058e-09,0.128936782479,0.0445653945208,0.0292222797871,0.011081607081,7.58827923164e-07,3.36643788614e-05
5.15106694365e-06,6.20034711574e-07,0.000511659483891,2.43203635364e-06,0.0814083144069,0.0816294550896,0.228948235512,0.0414476580918,0.0146153867245,4.78876718262e-05
9.97128154268e-06,1.06642880837e-06,0.000631803006399,7.89127352618e-06,0.0935724750161,0.0851253867149,0.29992261529,0.0524406246841,0.138752713799,8.80140069057e-05
7.22797858543e-06,6.54232337638e-07,0.000482473376906,4.69628503197e-06,0.0815781876445,0.0734645798802,0.275536447763,0.0470721162856,0.198194891214,6.38699348201e-05
6.6800370405e-05,3.70456314158e-06,2.08286819543e-05,5.51483935851e-07,0.0502383373678,0.00354956183583,0.032365962863,0.0438590869308,2.76849156933e-08,0.0022126538679
1.93770077317e-07,4.32250459426e-07,0.15718279779,3.24143600849e-10,0.109484508634,0.0332140736282,0.0210605636239,0.00874307006598,3.10286651484e-07,1.92884017451e-05
4.61180803768e-07,1.47104168846e-08,6.42488230369e-05,4.28281516918e-08,0.0272610485554,0.0250309705734,0.112810000777,0.0181424561888,0.214244484901,4.17174715039e-06
3.13467353408e-05,1.35655710665e-07,9.92203058559e-06,0.0847710296512,0.025526329875,0.00533532164991,0.127497136593,0.153407037258,4.35136172428e-07,5.22984228155e-05
0.000184834047104,7.65204106301e-07,2.25364929065e-05,0.0442190691829,0.0427237488329,0.00777251832187,0.143599569798,0.423280149698,1.02669901025e-06,0.000192642924958
4.49221697636e-05,0.00027126877103,0.102599203587,7.92549144535e-06,0.51374232769,0.166250869632,0.183782324195,0.0629863962531,0.000122938770801,0.00244044931605
8.61943954078e-06,0.410109609365,0.000186905468581,1.5077436899e-07,0.210416376591,0.0115058301017,0.0329259745777,0.0304121635854,8.98030378949e-08,0.00303068407811
0.0152326840907,0.0873539820313,0.0158251561224,0.0327291488647,0.752253651619,0.18344707787,0.616272389889,0.378210842609,0.00118024018593,0.307286173105
4.83554504171e-05,5.84093277212e-06,0.00143107445911,0.000110514061817,0.146467074752,0.120299659669,0.500531673431,0.0902042686939,0.266385167837,0.000387419742765
3.44655131812e-06,1.38332352435e-05,0.0708606764674,7.5805722588e-08,0.266339540482,0.0783141925931,0.0692691728473,0.0251400712878,7.36858419259e-06,0.000261348031927
2.98759118778e-07,8.15132139564e-09,4.7077803174e-05,1.98831600073e-08,0.0228645578027,0.0211436226964,0.096506677568,0.0155633268878,0.187904372811,2.70392138191e-06
6.002099326e-06,2.49631625593e-07,0.000253960519331,4.15304702983e-06,0.0609379149973,0.0473698675632,0.309142768383,0.0451822727919,0.0119790295139,4.88949881401e-05
3.24996562995e-07,1.11583773332e-08,5.78580002184e-05,2.19477822583e-08,0.0252755638212,0.0245137475431,0.0946745201945,0.015938365832,0.0148019064218,3.00879423776e-06
4.49482422482e-06,4.2421006583e-06,0.00282522337511,1.33367700528e-06,0.150028035045,0.511031329632,0.162131100893,0.0377844199538,0.000251473800745,0.000147397819092
1.27979465105e-05,2.77962044493e-05,0.010234340094,7.24796836948e-06,0.249820113182,0.702018022537,0.219729170203,0.0536654107273,0.000431815395132,0.000574595411308
0.000859226216562,0.341929316521,0.00711715826765,0.0006369939656,0.723304748535,0.104668222368,0.275286644697,0.159246295691,9.16559874895e-05,0.0698507353663
3.49113292941e-07,8.04658839115e-07,0.137339875102,1.29781030367e-09,0.124462917447,0.0464643836021,0.0295469202101,0.0109163904563,7.99238023319e-07,3.1948202377e-05
1.90922310139e-05,2.35781953961e-06,0.000945565931033,2.32073725783e-05,0.115961290896,0.102969996631,0.367137491703,0.0654764249921,0.336012691259,0.000164144774317
2.81962857116e-05,7.45745855966e-05,6.46097541903e-05,4.96055179156e-07,0.0972846671939,0.00678238272667,0.0379678532481,0.0403280854225,5.66783775469e-08,0.320488065481
0.00211583939381,0.0229727718979,0.00369768938981,0.00161328015383,0.505014359951,0.0786897540092,0.31447571516,0.198717921972,6.76836425555e-05,0.641855478287
0.00191324495245,0.0203421860933,0.0033661890775,0.00135615305044,0.48942476511,0.0744930431247,0.301410198212,0.191781297326,5.74638943363e-05,0.638731956482
2.05403651421e-07,9.88966561977e-08,0.000448775972473,5.68777203114e-09,0.0541775971651,0.307883411646,0.0494415350258,0.0127082327381,9.64749779087e-06,8.66246409714e-06
0.0702567696571,0.000279253494227,0.00065020826878,0.00568860303611,0.221457004547,0.0327121056616,0.306714594364,0.299265623093,3.74631054001e-05,0.0157226771116
3.84250870411e-06,1.46502388816e-05,0.185941547155,9.47608640445e-08,0.262761086226,0.089527502656,0.076638109982,0.0262282360345,1.0181415746e-05,0.000280480424408
1.99440455617e-06,0.284046560526,6.18059930275e-05,9.06113140076e-09,0.133855298162,0.00570948747918,0.0155853303149,0.0176726318896,1.05545296947e-08,0.000980699784122
9.19242957025e-05,0.441346377134,0.000969642249402,1.14985559776e-05,0.375810861588,0.0324612520635,0.10026589781,0.0713384822011,2.30496084441e-06,0.0196242872626
1.6792657334e-05,4.53477005067e-05,4.35666879639e-05,1.87373672134e-07,0.0815607011318,0.00528174219653,0.0293321292847,0.0333717055619,2.63304062997e-08,0.385719180107
2.61748718913e-05,0.125544786453,0.000481918803416,1.26712836845e-06,0.309897422791,0.0205866452307,0.0579110868275,0.0459569506347,5.30800662091e-07,0.00634479429573
1.49359618717e-06,1.0445947396e-07,0.000194980661036,3.03476326735e-07,0.0489537604153,0.0484285913408,0.155922159553,0.0270947944373,0.0115126790479,1.39735038829e-05
1.21804359878e-05,5.44948816241e-05,4.09984859289e-05,1.15261116207e-07,0.0810416415334,0.00503049790859,0.0262491796166,0.030200811103,1.94788079e-08,0.356366366148
1.9787103156e-06,0.280036181211,6.1464306782e-05,8.9247356172e-09,0.133557975292,0.00568911898881,0.0155226076022,0.0176210589707,1.04396669087e-08,0.000974262482487
8.29929194879e-05,6.75039132148e-07,2.85826827167e-05,0.0784757435322,0.0426401384175,0.00994267687201,0.208133086562,0.191154807806,2.41192060457e-06,0.000158152732183
4.03958637207e-07,9.2799120921e-07,0.0734740495682,1.90603732797e-09,0.127548754215,0.0515639260411,0.0324543863535,0.0115377334878,1.0488515727e-06,3.6040222767e-05
9.99901112664e-06,7.29649855202e-07,0.000479316280689,8.70983876666e-06,0.0832849219441,0.0695196315646,0.325899511576,0.0530970394611,0.175231993198,8.44492169563e-05
1.1909445675e-05,1.73887983692e-05,2.62438588834e-05,8.23185146714e-08,0.0630364567041,0.00387256825343,0.0229727886617,0.0286782663316,1.24437251614e-08,0.0692711621523
2.69167600209e-07,6.12007378109e-09,3.93502887164e-05,1.71615202049e-08,0.0208865888417,0.0187114160508,0.0965399518609,0.0150663722306,0.167549982667,2.39524911194e-06
8.54849713505e-06,2.14310766751e-05,2.51399578701e-05,5.07100317293e-08,0.0632059797645,0.00372706586495,0.0206179115921,0.025941092521,9.35609367758e-09,0.362255871296
2.21538172696e-07,9.05777937987e-07,0.00162261759397,3.54506674016e-10,0.175351157784,0.017076285556,0.0142713915557,0.00898105930537,8.58711288743e-08,2.68100338872e-05
0.000165302699315,7.21147102922e-07,2.19717549044e-05,0.0686644539237,0.0420794412494,0.00779921188951,0.146085038781,0.378365308046,1.05154185803e-06,0.000182982475962
2.38315133174e-05,6.11172872595e-05,5.60167536605e-05,3.58419640634e-07,0.0911540985107,0.00620072288439,0.0347890667617,0.0378723628819,4.3566036112e-08,0.298093825579
1.65665582585e-07,3.58639852038e-07,0.153966546059,2.39060465868e-10,0.104292854667,0.0314351432025,0.0196020100266,0.00824740435928,2.57108155211e-07,1.67270136444e-05
1.56966649456e-07,3.2077187484e-07,0.333943784237,2.51552667585e-10,0.0993003770709,0.033374324441,0.0199810005724,0.00809945911169,2.78752821714e-07,1.5649746274e-05
0.000154833833221,0.216638609767,0.00188779179007,3.24759894283e-05,0.49585288763,0.0475214384496,0.132710158825,0.0872430726886,7.290708254e-06,0.0224588979036
8.82356653165e-06,1.97591871256e-05,2.46730414801e-05,5.2303178677e-08,0.0623621679842,0.00369107816368,0.0206985287368,0.0261317007244,9.4069836365e-09,0.228898927569
1.02196997886e-06,8.23082757506e-07,0.00137748045381,9.88753328102e-08,0.0981310904026,0.576211571693,0.0920092687011,0.0224332045764,4.65012526547e-05,4.24085264967e-05
4.40170907723e-07,5.1879598395e-09,2.51907640632e-05,5.77549350567e-08,0.017504952848,0.0125468587503,0.167209640145,0.0186630710959,0.000150570122059,3.38061408911e-06
3.21612418475e-07,4.84562612257e-09,3.19052123814e-05,2.68800643966e-08,0.0191929358989,0.0155272353441,0.11824016273,0.0162989534438,0.00184688949957,2.70064333563e-06
1.73201460711e-05,4.16447910538e-05,4.26592523581e-05,1.92681198996e-07,0.0803981125355,0.00522381113842,0.0294187162071,0.0335999019444,2.63985953097e-08,0.254836827517
1.67470841461e-06,4.77589901493e-06,0.0736776441336,3.14288577385e-08,0.189688980579,0.0884056091309,0.0621570497751,0.0195053070784,6.30216709396e-06,0.000127148639876
